{"cameraMode":{"drawMode":0,"name":"Shaded","section":"Shading Mode"},"sceneLighting":false,"audioPlay":false,"sceneViewState":{"showFog":true,"showMaterialUpdate":false,"showSkybox":true,"showFlares":true,"showImageEffects":true,"showParticleSystems":true},"in2DMode":false,"pivot":{"x":2.128000020980835,"y":-1.1369999647140504,"z":0.0},"rotation":{"x":-0.05806763842701912,"y":-0.1545102298259735,"z":0.009097144939005375,"w":-0.9862414002418518},"size":0.4713341295719147,"orthographic":false}